type,time
threads,99.37241172790527
sync,91.76862072944641
processpool,17.312772035598755
processqueue,27.420079708099365
